ds,language,license_key,topic,repo_count
2022-01-13,coq,,coq,2
2022-01-13,coq,,mathcomp,2
2022-01-13,coq,,ssreflect,2
2022-01-13,coq,mit,coq,2
2022-01-13,coq,mit,docker-coq-action,2
2022-01-13,coq,mit,nix-action,2
2022-01-13,elixir,,elixir,9
2022-01-13,elixir,,hacktoberfest,2
2022-01-13,elixir,,phoenix,2
2022-01-13,elixir,agpl-3.0,elixir,2
2022-01-13,elixir,apache-2.0,elixir,12
2022-01-13,elixir,apache-2.0,data-processing,2
2022-01-13,elixir,apache-2.0,elixir-lang,2
2022-01-13,elixir,apache-2.0,elixir-phoenix,2
2022-01-13,elixir,apache-2.0,membrane,2
2022-01-13,elixir,apache-2.0,nerves,2
2022-01-13,elixir,gpl-3.0,elixir,3
2022-01-13,elixir,mit,elixir,28
2022-01-13,elixir,mit,elixir-lang,4
2022-01-13,elixir,mit,json,4
2022-01-13,elixir,mit,code-generator,2
2022-01-13,elixir,mit,data-science,2
2022-01-13,elixir,mit,elm,2
2022-01-13,elixir,mit,elm-lang,2
2022-01-13,elixir,mit,http,2
2022-01-13,elixir,mit,phoenix-framework,2
2022-01-13,elixir,mit,property-based-testing,2
2022-01-13,elixir,other,elixir,2
2022-01-13,erlang,apache-2.0,erlang,4
2022-01-13,erlang,apache-2.0,elixir,2
2022-01-13,erlang,gpl-2.0,chat,2
2022-01-13,erlang,gpl-2.0,erlang,2
2022-01-13,erlang,gpl-2.0,jabber,2
2022-01-13,erlang,gpl-2.0,messaging,2
2022-01-13,erlang,gpl-2.0,xmpp,2
2022-01-13,erlang,other,erlang,3
2022-01-13,erlang,other,elixir,2
2022-01-13,go,,golang,7
2022-01-13,go,,go,5
2022-01-13,go,,hacktoberfest,2
2022-01-13,go,,security,2
2022-01-13,go,agpl-3.0,golang,13
2022-01-13,go,agpl-3.0,go,7
2022-01-13,go,agpl-3.0,hacktoberfest,3
2022-01-13,go,agpl-3.0,react,3
2022-01-13,go,agpl-3.0,blockchain,2
2022-01-13,go,agpl-3.0,google-cloud-storage,2
2022-01-13,go,agpl-3.0,kubernetes,2
2022-01-13,go,agpl-3.0,linux,2
2022-01-13,go,agpl-3.0,monitoring,2
2022-01-13,go,agpl-3.0,prometheus,2
2022-01-13,go,agpl-3.0,s3,2
2022-01-13,go,agpl-3.0,security,2
2022-01-13,go,agpl-3.0,self-hosted,2
2022-01-13,go,agpl-3.0,storage,2
2022-01-13,go,agpl-3.0,v2ray,2
2022-01-13,go,apache-2.0,kubernetes,118
2022-01-13,go,apache-2.0,golang,94
2022-01-13,go,apache-2.0,go,58
2022-01-13,go,apache-2.0,hacktoberfest,40
2022-01-13,go,apache-2.0,docker,32
2022-01-13,go,apache-2.0,containers,31
2022-01-13,go,apache-2.0,security,21
2022-01-13,go,apache-2.0,cloud-native,19
2022-01-13,go,apache-2.0,prometheus,18
2022-01-13,go,apache-2.0,cli,15
2022-01-13,go,apache-2.0,devops,15
2022-01-13,go,apache-2.0,k8s,15
2022-01-13,go,apache-2.0,monitoring,15
2022-01-13,go,apache-2.0,aws,14
2022-01-13,go,apache-2.0,operator,13
2022-01-13,go,apache-2.0,postgresql,13
2022-01-13,go,apache-2.0,database,11
2022-01-13,go,apache-2.0,gitops,11
2022-01-13,go,apache-2.0,grpc,11
2022-01-13,go,apache-2.0,metrics,11
2022-01-13,go,apache-2.0,observability,11
2022-01-13,go,apache-2.0,sql,11
2022-01-13,go,apache-2.0,blockchain,10
2022-01-13,go,apache-2.0,cloud,10
2022-01-13,go,apache-2.0,cncf,9
2022-01-13,go,apache-2.0,helm,9
2022-01-13,go,apache-2.0,microservice,9
2022-01-13,go,apache-2.0,gcp,8
2022-01-13,go,apache-2.0,mysql,8
2022-01-13,go,apache-2.0,openshift,8
2022-01-13,go,apache-2.0,serverless,8
2022-01-13,go,apache-2.0,azure,7
2022-01-13,go,apache-2.0,container,7
2022-01-13,go,apache-2.0,distributed-systems,7
2022-01-13,go,apache-2.0,iot,7
2022-01-13,go,apache-2.0,kubernetes-operator,7
2022-01-13,go,apache-2.0,oci,7
2022-01-13,go,apache-2.0,authorization,6
2022-01-13,go,apache-2.0,cloudnative,6
2022-01-13,go,apache-2.0,cluster,6
2022-01-13,go,apache-2.0,microservices,6
2022-01-13,go,apache-2.0,openid-connect,6
2022-01-13,go,apache-2.0,s3,6
2022-01-13,go,apache-2.0,sdk,6
2022-01-13,go,apache-2.0,security-tools,6
2022-01-13,go,apache-2.0,terraform,6
2022-01-13,go,apache-2.0,cnb,5
2022-01-13,go,apache-2.0,devsecops,5
2022-01-13,go,apache-2.0,istio,5
2022-01-13,go,apache-2.0,kubernetes-cluster,5
2022-01-13,go,apache-2.0,messaging,5
2022-01-13,go,apache-2.0,oauth2,5
2022-01-13,go,apache-2.0,openapi,5
2022-01-13,go,apache-2.0,orchestration,5
2022-01-13,go,apache-2.0,postgresql-fdw,5
2022-01-13,go,apache-2.0,redis,5
2022-01-13,go,apache-2.0,registry,5
2022-01-13,go,apache-2.0,ssh,5
2022-01-13,go,apache-2.0,steampipe,5
2022-01-13,go,apache-2.0,steampipe-plugin,5
2022-01-13,go,apache-2.0,storage,5
2022-01-13,go,apache-2.0,time-series,5
2022-01-13,go,apache-2.0,alerting,4
2022-01-13,go,apache-2.0,automation,4
2022-01-13,go,apache-2.0,backup,4
2022-01-13,go,apache-2.0,certificate,4
2022-01-13,go,apache-2.0,configuration-management,4
2022-01-13,go,apache-2.0,continuous-delivery,4
2022-01-13,go,apache-2.0,crd,4
2022-01-13,go,apache-2.0,crypto,4
2022-01-13,go,apache-2.0,databases,4
2022-01-13,go,apache-2.0,dockerfile,4
2022-01-13,go,apache-2.0,edge,4
2022-01-13,go,apache-2.0,faas,4
2022-01-13,go,apache-2.0,grafana,4
2022-01-13,go,apache-2.0,iac,4
2022-01-13,go,apache-2.0,infrastructure,4
2022-01-13,go,apache-2.0,jvm-applications,4
2022-01-13,go,apache-2.0,kubectl,4
2022-01-13,go,apache-2.0,linux,4
2022-01-13,go,apache-2.0,mongodb,4
2022-01-13,go,apache-2.0,networking,4
2022-01-13,go,apache-2.0,object-storage,4
2022-01-13,go,apache-2.0,open-source,4
2022-01-13,go,apache-2.0,performance,4
2022-01-13,go,apache-2.0,postgres,4
2022-01-13,go,apache-2.0,prometheus-exporter,4
2022-01-13,go,apache-2.0,reverse-proxy,4
2022-01-13,go,apache-2.0,service-mesh,4
2022-01-13,go,apache-2.0,static-analysis,4
2022-01-13,go,apache-2.0,tidb,4
2022-01-13,go,apache-2.0,tls,4
2022-01-13,go,apache-2.0,api-gateway,3
2022-01-13,go,apache-2.0,authentication,3
2022-01-13,go,apache-2.0,banking,3
2022-01-13,go,apache-2.0,cloud-computing,3
2022-01-13,go,apache-2.0,cloud-foundry,3
2022-01-13,go,apache-2.0,cluster-api,3
2022-01-13,go,apache-2.0,cni,3
2022-01-13,go,apache-2.0,container-image,3
2022-01-13,go,apache-2.0,control-plane,3
2022-01-13,go,apache-2.0,controller,3
2022-01-13,go,apache-2.0,cosmos-sdk,3
2022-01-13,go,apache-2.0,dashboard,3
2022-01-13,go,apache-2.0,devops-tools,3
2022-01-13,go,apache-2.0,distributed-storage,3
2022-01-13,go,apache-2.0,dns,3
2022-01-13,go,apache-2.0,ebpf,3
2022-01-13,go,apache-2.0,encryption,3
2022-01-13,go,apache-2.0,engine,3
2022-01-13,go,apache-2.0,fabric,3
2022-01-13,go,apache-2.0,framework,3
2022-01-13,go,apache-2.0,github,3
2022-01-13,go,apache-2.0,gitlab,3
2022-01-13,go,apache-2.0,google-cloud,3
2022-01-13,go,apache-2.0,http,3
2022-01-13,go,apache-2.0,identity,3
2022-01-13,go,apache-2.0,infrastructure-as-code,3
2022-01-13,go,apache-2.0,ipfs,3
2022-01-13,go,apache-2.0,k8s-sig-storage,3
2022-01-13,go,apache-2.0,kafka,3
2022-01-13,go,apache-2.0,knative,3
2022-01-13,go,apache-2.0,kubernetes-deployment,3
2022-01-13,go,apache-2.0,kubernetes-networking,3
2022-01-13,go,apache-2.0,kubernetes-secrets,3
2022-01-13,go,apache-2.0,load-balancer,3
2022-01-13,go,apache-2.0,machine-learning,3
2022-01-13,go,apache-2.0,mariadb,3
2022-01-13,go,apache-2.0,oauth,3
2022-01-13,go,apache-2.0,oidc,3
2022-01-13,go,apache-2.0,openstack,3
2022-01-13,go,apache-2.0,posix,3
2022-01-13,go,apache-2.0,privacy,3
2022-01-13,go,apache-2.0,proxy,3
2022-01-13,go,apache-2.0,pubsub,3
2022-01-13,go,apache-2.0,python,3
2022-01-13,go,apache-2.0,rbac,3
2022-01-13,go,apache-2.0,rest-api,3
2022-01-13,go,apache-2.0,schema,3
2022-01-13,go,apache-2.0,secret-management,3
2022-01-13,go,apache-2.0,secrets,3
2022-01-13,go,apache-2.0,secrets-management,3
2022-01-13,go,apache-2.0,slo,3
2022-01-13,go,apache-2.0,smart-contracts,3
2022-01-13,go,apache-2.0,sso,3
2022-01-13,go,apache-2.0,testing,3
2022-01-13,go,apache-2.0,tool,3
2022-01-13,go,apache-2.0,troubleshooting,3
2022-01-13,go,apache-2.0,tsdb,3
2022-01-13,go,apache-2.0,virtualization,3
2022-01-13,go,apache-2.0,workflows,3
2022-01-13,go,apache-2.0,ab-testing,2
2022-01-13,go,apache-2.0,ach,2
2022-01-13,go,apache-2.0,agent,2
2022-01-13,go,apache-2.0,amazon,2
2022-01-13,go,apache-2.0,analytics,2
2022-01-13,go,apache-2.0,ansible,2
2022-01-13,go,apache-2.0,antivirus,2
2022-01-13,go,apache-2.0,apache-beam,2
2022-01-13,go,apache-2.0,apache-flink,2
2022-01-13,go,apache-2.0,apis,2
2022-01-13,go,apache-2.0,architecture,2
2022-01-13,go,apache-2.0,argo-cd,2
2022-01-13,go,apache-2.0,bare-metal,2
2022-01-13,go,apache-2.0,baremetal,2
2022-01-13,go,apache-2.0,bastion,2
2022-01-13,go,apache-2.0,bazel,2
2022-01-13,go,apache-2.0,bpf,2
2022-01-13,go,apache-2.0,carvel,2
2022-01-13,go,apache-2.0,casbin,2
2022-01-13,go,apache-2.0,certificate-transparency,2
2022-01-13,go,apache-2.0,clickhouse,2
2022-01-13,go,apache-2.0,cloudevents,2
2022-01-13,go,apache-2.0,cloudnative-services,2
2022-01-13,go,apache-2.0,cloudsecurity,2
2022-01-13,go,apache-2.0,coap,2
2022-01-13,go,apache-2.0,cobra,2
2022-01-13,go,apache-2.0,command-line,2
2022-01-13,go,apache-2.0,compliance,2
2022-01-13,go,apache-2.0,configuration,2
2022-01-13,go,apache-2.0,consensus,2
2022-01-13,go,apache-2.0,consul,2
2022-01-13,go,apache-2.0,cri,2
2022-01-13,go,apache-2.0,cyclonedx,2
2022-01-13,go,apache-2.0,data,2
2022-01-13,go,apache-2.0,decentralized-identifiers,2
2022-01-13,go,apache-2.0,declarative,2
2022-01-13,go,apache-2.0,declarative-config,2
2022-01-13,go,apache-2.0,developer-tools,2
2022-01-13,go,apache-2.0,development-tools,2
2022-01-13,go,apache-2.0,disaster-recovery,2
2022-01-13,go,apache-2.0,dns-over-https,2
2022-01-13,go,apache-2.0,docker-compose,2
2022-01-13,go,apache-2.0,docker-image,2
2022-01-13,go,apache-2.0,edge-computing,2
2022-01-13,go,apache-2.0,eks,2
2022-01-13,go,apache-2.0,etcd,2
2022-01-13,go,apache-2.0,ethereum,2
2022-01-13,go,apache-2.0,event-driven,2
2022-01-13,go,apache-2.0,extensible,2
2022-01-13,go,apache-2.0,fairwinds-official,2
2022-01-13,go,apache-2.0,filesystem,2
2022-01-13,go,apache-2.0,fintech,2
2022-01-13,go,apache-2.0,flink-operator,2
2022-01-13,go,apache-2.0,flyte,2
2022-01-13,go,apache-2.0,functions,2
2022-01-13,go,apache-2.0,functions-as-a-service,2
2022-01-13,go,apache-2.0,game-server,2
2022-01-13,go,apache-2.0,gitops-toolkit,2
2022-01-13,go,apache-2.0,gke,2
2022-01-13,go,apache-2.0,google-cloud-platform,2
2022-01-13,go,apache-2.0,graphing,2
2022-01-13,go,apache-2.0,graphite,2
2022-01-13,go,apache-2.0,hdfs,2
2022-01-13,go,apache-2.0,helm-chart,2
2022-01-13,go,apache-2.0,high-performance,2
2022-01-13,go,apache-2.0,hyperledger,2
2022-01-13,go,apache-2.0,images,2
2022-01-13,go,apache-2.0,ingress,2
2022-01-13,go,apache-2.0,installer,2
2022-01-13,go,apache-2.0,iot-cloud,2
2022-01-13,go,apache-2.0,jvm,2
2022-01-13,go,apache-2.0,k3s,2
2022-01-13,go,apache-2.0,k8s-sig-cli,2
2022-01-13,go,apache-2.0,k8s-sig-cluster-lifecycle,2
2022-01-13,go,apache-2.0,k8s-sig-network,2
2022-01-13,go,apache-2.0,k8s-staging,2
2022-01-13,go,apache-2.0,kernel,2
2022-01-13,go,apache-2.0,key-value,2
2022-01-13,go,apache-2.0,kong,2
2022-01-13,go,apache-2.0,kubectl-plugins,2
2022-01-13,go,apache-2.0,kubernetes-operators,2
2022-01-13,go,apache-2.0,kustomize,2
2022-01-13,go,apache-2.0,kvm,2
2022-01-13,go,apache-2.0,lambda,2
2022-01-13,go,apache-2.0,letsencrypt,2
2022-01-13,go,apache-2.0,library,2
2022-01-13,go,apache-2.0,license,2
2022-01-13,go,apache-2.0,lxc,2
2022-01-13,go,apache-2.0,lxd,2
2022-01-13,go,apache-2.0,merkle-tree,2
2022-01-13,go,apache-2.0,microservices-architecture,2
2022-01-13,go,apache-2.0,mlops,2
2022-01-13,go,apache-2.0,mqtt,2
2022-01-13,go,apache-2.0,multi-cloud,2
2022-01-13,go,apache-2.0,multiplayer,2
2022-01-13,go,apache-2.0,network,2
2022-01-13,go,apache-2.0,nginx,2
2022-01-13,go,apache-2.0,nodejs,2
2022-01-13,go,apache-2.0,oci-image,2
2022-01-13,go,apache-2.0,openapi3,2
2022-01-13,go,apache-2.0,opentelemetry,2
2022-01-13,go,apache-2.0,overlay-network,2
2022-01-13,go,apache-2.0,p2p,2
2022-01-13,go,apache-2.0,policy,2
2022-01-13,go,apache-2.0,promql,2
2022-01-13,go,apache-2.0,protobuf,2
2022-01-13,go,apache-2.0,proxy-server,2
2022-01-13,go,apache-2.0,qemu,2
2022-01-13,go,apache-2.0,raft,2
2022-01-13,go,apache-2.0,raspberry-pi,2
2022-01-13,go,apache-2.0,replication,2
2022-01-13,go,apache-2.0,rest,2
2022-01-13,go,apache-2.0,restful-api,2
2022-01-13,go,apache-2.0,s3-bucket,2
2022-01-13,go,apache-2.0,saml,2
2022-01-13,go,apache-2.0,scalability,2
2022-01-13,go,apache-2.0,schema-changes,2
2022-01-13,go,apache-2.0,scraper,2
2022-01-13,go,apache-2.0,sdn,2
2022-01-13,go,apache-2.0,secret,2
2022-01-13,go,apache-2.0,secrets-manager,2
2022-01-13,go,apache-2.0,self-hosted,2
2022-01-13,go,apache-2.0,server,2
2022-01-13,go,apache-2.0,service-level-objective,2
2022-01-13,go,apache-2.0,servicemesh,2
2022-01-13,go,apache-2.0,sidecar,2
2022-01-13,go,apache-2.0,slack,2
2022-01-13,go,apache-2.0,sli,2
2022-01-13,go,apache-2.0,sqlite,2
2022-01-13,go,apache-2.0,ssl,2
2022-01-13,go,apache-2.0,state-management,2
2022-01-13,go,apache-2.0,systemd,2
2022-01-13,go,apache-2.0,terminal,2
2022-01-13,go,apache-2.0,thanos,2
2022-01-13,go,apache-2.0,tui,2
2022-01-13,go,apache-2.0,typescript,2
2022-01-13,go,apache-2.0,validation,2
2022-01-13,go,apache-2.0,vault,2
2022-01-13,go,apache-2.0,vsphere,2
2022-01-13,go,apache-2.0,vulnerability,2
2022-01-13,go,apache-2.0,webrtc,2
2022-01-13,go,apache-2.0,x509,2
2022-01-13,go,apache-2.0,xmpp,2
2022-01-13,go,bsd-2-clause,go,5
2022-01-13,go,bsd-2-clause,golang,5
2022-01-13,go,bsd-2-clause,golang-package,2
2022-01-13,go,bsd-2-clause,hacktoberfest,2
2022-01-13,go,bsd-3-clause,go,14
2022-01-13,go,bsd-3-clause,golang,14
2022-01-13,go,bsd-3-clause,aws,2
2022-01-13,go,bsd-3-clause,dns,2
2022-01-13,go,bsd-3-clause,docker,2
2022-01-13,go,bsd-3-clause,embedded,2
2022-01-13,go,bsd-3-clause,framework,2
2022-01-13,go,bsd-3-clause,gorilla,2
2022-01-13,go,bsd-3-clause,hacktoberfest,2
2022-01-13,go,bsd-3-clause,http,2
2022-01-13,go,bsd-3-clause,javascript,2
2022-01-13,go,bsd-3-clause,middleware,2
2022-01-13,go,bsd-3-clause,react,2
2022-01-13,go,bsd-3-clause,router,2
2022-01-13,go,bsd-3-clause,statistics,2
2022-01-13,go,bsd-3-clause,tinygo,2
2022-01-13,go,bsd-3-clause,websocket,2
2022-01-13,go,gpl-2.0,golang,2
2022-01-13,go,gpl-3.0,go,5
2022-01-13,go,gpl-3.0,golang,5
2022-01-13,go,gpl-3.0,hacktoberfest,4
2022-01-13,go,gpl-3.0,cli,2
2022-01-13,go,gpl-3.0,dns,2
2022-01-13,go,gpl-3.0,proxy,2
2022-01-13,go,gpl-3.0,security-tools,2
2022-01-13,go,gpl-3.0,self-hosted,2
2022-01-13,go,isc,go,2
2022-01-13,go,mit,golang,121
2022-01-13,go,mit,go,88
2022-01-13,go,mit,hacktoberfest,34
2022-01-13,go,mit,kubernetes,18
2022-01-13,go,mit,docker,17
2022-01-13,go,mit,cli,14
2022-01-13,go,mit,security,10
2022-01-13,go,mit,golang-library,9
2022-01-13,go,mit,linux,9
2022-01-13,go,mit,microservice,9
2022-01-13,go,mit,http,8
2022-01-13,go,mit,database,7
2022-01-13,go,mit,devops,7
2022-01-13,go,mit,postgresql,7
2022-01-13,go,mit,blockchain,6
2022-01-13,go,mit,windows,6
2022-01-13,go,mit,command-line,5
2022-01-13,go,mit,developer-tools,5
2022-01-13,go,mit,discord,5
2022-01-13,go,mit,framework,5
2022-01-13,go,mit,k8s,5
2022-01-13,go,mit,kafka,5
2022-01-13,go,mit,microservices,5
2022-01-13,go,mit,mysql,5
2022-01-13,go,mit,protobuf,5
2022-01-13,go,mit,proxy,5
2022-01-13,go,mit,redis,5
2022-01-13,go,mit,rest,5
2022-01-13,go,mit,s3,5
2022-01-13,go,mit,sql,5
2022-01-13,go,mit,terminal,5
2022-01-13,go,mit,testing,5
2022-01-13,go,mit,architecture,4
2022-01-13,go,mit,aws,4
2022-01-13,go,mit,backup,4
2022-01-13,go,mit,config,4
2022-01-13,go,mit,cryptocurrency,4
2022-01-13,go,mit,github,4
2022-01-13,go,mit,grpc,4
2022-01-13,go,mit,json,4
2022-01-13,go,mit,linter,4
2022-01-13,go,mit,logging,4
2022-01-13,go,mit,metrics,4
2022-01-13,go,mit,postgres,4
2022-01-13,go,mit,router,4
2022-01-13,go,mit,server,4
2022-01-13,go,mit,shell,4
2022-01-13,go,mit,streaming,4
2022-01-13,go,mit,yaml,4
2022-01-13,go,mit,aac,3
2022-01-13,go,mit,api,3
2022-01-13,go,mit,azure,3
2022-01-13,go,mit,bitcoin,3
2022-01-13,go,mit,cache,3
2022-01-13,go,mit,clickhouse,3
2022-01-13,go,mit,cloud,3
2022-01-13,go,mit,cross-platform,3
2022-01-13,go,mit,decoding,3
2022-01-13,go,mit,ethereum,3
2022-01-13,go,mit,git,3
2022-01-13,go,mit,golang-application,3
2022-01-13,go,mit,h264,3
2022-01-13,go,mit,http-server,3
2022-01-13,go,mit,jwt,3
2022-01-13,go,mit,library,3
2022-01-13,go,mit,prometheus,3
2022-01-13,go,mit,react,3
2022-01-13,go,mit,restful,3
2022-01-13,go,mit,restful-api,3
2022-01-13,go,mit,routing,3
2022-01-13,go,mit,secrets,3
2022-01-13,go,mit,slack,3
2022-01-13,go,mit,sqlite,3
2022-01-13,go,mit,ssh,3
2022-01-13,go,mit,swagger,3
2022-01-13,go,mit,toolkit,3
2022-01-13,go,mit,vault,3
2022-01-13,go,mit,video,3
2022-01-13,go,mit,web-framework,3
2022-01-13,go,mit,webrtc,3
2022-01-13,go,mit,angular,2
2022-01-13,go,mit,apk,2
2022-01-13,go,mit,automation,2
2022-01-13,go,mit,bugbounty,2
2022-01-13,go,mit,bugbounty-tool,2
2022-01-13,go,mit,chaos,2
2022-01-13,go,mit,clivern,2
2022-01-13,go,mit,cloud-native,2
2022-01-13,go,mit,cluster,2
2022-01-13,go,mit,cmd,2
2022-01-13,go,mit,code-generation,2
2022-01-13,go,mit,compiler,2
2022-01-13,go,mit,connect,2
2022-01-13,go,mit,conventional-commits,2
2022-01-13,go,mit,cron,2
2022-01-13,go,mit,deb,2
2022-01-13,go,mit,defi,2
2022-01-13,go,mit,dependency-injection,2
2022-01-13,go,mit,deribit,2
2022-01-13,go,mit,detection,2
2022-01-13,go,mit,devsecops,2
2022-01-13,go,mit,dns,2
2022-01-13,go,mit,dns-over-tls,2
2022-01-13,go,mit,downloader,2
2022-01-13,go,mit,dump,2
2022-01-13,go,mit,encoding,2
2022-01-13,go,mit,exchange,2
2022-01-13,go,mit,files,2
2022-01-13,go,mit,flags,2
2022-01-13,go,mit,ftp,2
2022-01-13,go,mit,github-action,2
2022-01-13,go,mit,github-actions,2
2022-01-13,go,mit,gitlab,2
2022-01-13,go,mit,gitops,2
2022-01-13,go,mit,golang-package,2
2022-01-13,go,mit,google-cloud,2
2022-01-13,go,mit,h265,2
2022-01-13,go,mit,helper,2
2022-01-13,go,mit,host-instrumentation,2
2022-01-13,go,mit,hsdp,2
2022-01-13,go,mit,image-processing,2
2022-01-13,go,mit,iot,2
2022-01-13,go,mit,jpeg,2
2022-01-13,go,mit,ldap,2
2022-01-13,go,mit,letsencrypt,2
2022-01-13,go,mit,libvips,2
2022-01-13,go,mit,macos,2
2022-01-13,go,mit,middleware,2
2022-01-13,go,mit,mit-license,2
2022-01-13,go,mit,nats,2
2022-01-13,go,mit,openapi,2
2022-01-13,go,mit,openapi3,2
2022-01-13,go,mit,opentracing,2
2022-01-13,go,mit,oracle,2
2022-01-13,go,mit,orm,2
2022-01-13,go,mit,osquery,2
2022-01-13,go,mit,osx,2
2022-01-13,go,mit,package,2
2022-01-13,go,mit,php,2
2022-01-13,go,mit,png,2
2022-01-13,go,mit,portable-executable,2
2022-01-13,go,mit,postman,2
2022-01-13,go,mit,prometheus-exporter,2
2022-01-13,go,mit,protocol-buffers,2
2022-01-13,go,mit,queue,2
2022-01-13,go,mit,real-time,2
2022-01-13,go,mit,rest-api,2
2022-01-13,go,mit,roadrunner,2
2022-01-13,go,mit,rpc,2
2022-01-13,go,mit,rpm,2
2022-01-13,go,mit,rtcp,2
2022-01-13,go,mit,rtp,2
2022-01-13,go,mit,rtsp,2
2022-01-13,go,mit,rtsp-proxy,2
2022-01-13,go,mit,rtsp-relay,2
2022-01-13,go,mit,rtsp-server,2
2022-01-13,go,mit,scheduler,2
2022-01-13,go,mit,scraper,2
2022-01-13,go,mit,secrets-management,2
2022-01-13,go,mit,security-tools,2
2022-01-13,go,mit,serverless,2
2022-01-13,go,mit,shadowsocks,2
2022-01-13,go,mit,smtp,2
2022-01-13,go,mit,spa,2
2022-01-13,go,mit,ssh-client,2
2022-01-13,go,mit,static-analysis,2
2022-01-13,go,mit,sysadmin,2
2022-01-13,go,mit,tcp,2
2022-01-13,go,mit,template,2
2022-01-13,go,mit,terraform,2
2022-01-13,go,mit,tls,2
2022-01-13,go,mit,tools,2
2022-01-13,go,mit,trading,2
2022-01-13,go,mit,trading-bot,2
2022-01-13,go,mit,utilities,2
2022-01-13,go,mit,utils,2
2022-01-13,go,mit,verification-code,2
2022-01-13,go,mit,vuejs,2
2022-01-13,go,mit,websocket,2
2022-01-13,go,mit,wireguard,2
2022-01-13,go,mit,worker-pool,2
2022-01-13,go,mit,workers,2
2022-01-13,go,mit,workflows,2
2022-01-13,go,mit,youtube,2
2022-01-13,go,mit,youtube-dl,2
2022-01-13,go,mpl-2.0,terraform,8
2022-01-13,go,mpl-2.0,golang,7
2022-01-13,go,mpl-2.0,terraform-provider,7
2022-01-13,go,mpl-2.0,go,4
2022-01-13,go,mpl-2.0,vault,4
2022-01-13,go,mpl-2.0,consul,3
2022-01-13,go,mpl-2.0,kubernetes,3
2022-01-13,go,mpl-2.0,service-mesh,3
2022-01-13,go,mpl-2.0,bittorrent,2
2022-01-13,go,mpl-2.0,machine-identity-management,2
2022-01-13,go,mpl-2.0,tls,2
2022-01-13,go,mpl-2.0,torrent,2
2022-01-13,go,mpl-2.0,venafi-cloud,2
2022-01-13,go,mpl-2.0,venafi-platform,2
2022-01-13,go,other,golang,27
2022-01-13,go,other,go,19
2022-01-13,go,other,kubernetes,13
2022-01-13,go,other,hacktoberfest,9
2022-01-13,go,other,cli,5
2022-01-13,go,other,containers,5
2022-01-13,go,other,docker,5
2022-01-13,go,other,aws,4
2022-01-13,go,other,devops,4
2022-01-13,go,other,security,4
2022-01-13,go,other,api-gateway,3
2022-01-13,go,other,blockchain,3
2022-01-13,go,other,cloud,3
2022-01-13,go,other,cloud-native,3
2022-01-13,go,other,grpc,3
2022-01-13,go,other,helm,3
2022-01-13,go,other,json,3
2022-01-13,go,other,k8s,3
2022-01-13,go,other,kafka,3
2022-01-13,go,other,microservice,3
2022-01-13,go,other,p2p,3
2022-01-13,go,other,privacy,3
2022-01-13,go,other,python,3
2022-01-13,go,other,react,3
2022-01-13,go,other,sql,3
2022-01-13,go,other,testing,3
2022-01-13,go,other,vpn,3
2022-01-13,go,other,wireguard,3
2022-01-13,go,other,anonymity,2
2022-01-13,go,other,api,2
2022-01-13,go,other,backup,2
2022-01-13,go,other,cloudnative,2
2022-01-13,go,other,cni,2
2022-01-13,go,other,command-line,2
2022-01-13,go,other,cosmos-sdk,2
2022-01-13,go,other,csv,2
2022-01-13,go,other,database,2
2022-01-13,go,other,decentralized,2
2022-01-13,go,other,distributed-systems,2
2022-01-13,go,other,etcd,2
2022-01-13,go,other,ethereum,2
2022-01-13,go,other,gcp,2
2022-01-13,go,other,javascript,2
2022-01-13,go,other,linux,2
2022-01-13,go,other,logging,2
2022-01-13,go,other,microservices,2
2022-01-13,go,other,observability,2
2022-01-13,go,other,operator,2
2022-01-13,go,other,paas,2
2022-01-13,go,other,postgres,2
2022-01-13,go,other,proxy,2
2022-01-13,go,other,service-discovery,2
2022-01-13,go,other,statistics,2
2022-01-13,go,other,tendermint,2
2022-01-13,go,other,text-editor,2
2022-01-13,go,other,tsv,2
2022-01-13,go,other,typescript,2
2022-01-13,go,other,windows,2
2022-01-13,go,other,xmpp,2
2022-01-13,haskell,,haskell,6
2022-01-13,haskell,,functional-programming,3
2022-01-13,haskell,apache-2.0,blockchain,4
2022-01-13,haskell,apache-2.0,cardano,3
2022-01-13,haskell,apache-2.0,haskell,2
2022-01-13,haskell,bsd-3-clause,haskell,3
2022-01-13,haskell,gpl-3.0,haskell,3
2022-01-13,haskell,mit,haskell,2
2022-01-13,haskell,mpl-2.0,haskell,2
2022-01-13,haskell,other,haskell,9
2022-01-13,haskell,other,streaming,2
2022-01-13,ocaml,,ocaml,3
2022-01-13,ocaml,,programming-language,2
2022-01-13,ocaml,isc,ocaml,2
2022-01-13,ocaml,mit,ocaml,5
2022-01-13,ocaml,other,ocaml,3
2022-01-13,rust,,rust,40
2022-01-13,rust,,wasm,4
2022-01-13,rust,,networking,3
2022-01-13,rust,,actix-web,2
2022-01-13,rust,,advent-of-code,2
2022-01-13,rust,,advent-of-code-2021,2
2022-01-13,rust,,bevy,2
2022-01-13,rust,,command-line-tool,2
2022-01-13,rust,,compiler,2
2022-01-13,rust,,cross-platform,2
2022-01-13,rust,,csv,2
2022-01-13,rust,,haskell,2
2022-01-13,rust,,json,2
2022-01-13,rust,,jwt,2
2022-01-13,rust,,linux,2
2022-01-13,rust,,lua,2
2022-01-13,rust,,python,2
2022-01-13,rust,,rocket,2
2022-01-13,rust,,rust-lang,2
2022-01-13,rust,,rustlang,2
2022-01-13,rust,,tutorial,2
2022-01-13,rust,,typescript,2
2022-01-13,rust,,vue,2
2022-01-13,rust,agpl-3.0,rust,6
2022-01-13,rust,agpl-3.0,hacktoberfest,3
2022-01-13,rust,apache-2.0,rust,48
2022-01-13,rust,apache-2.0,hacktoberfest,9
2022-01-13,rust,apache-2.0,blockchain,8
2022-01-13,rust,apache-2.0,rust-lang,7
2022-01-13,rust,apache-2.0,wasm,7
2022-01-13,rust,apache-2.0,cli,4
2022-01-13,rust,apache-2.0,containers,4
2022-01-13,rust,apache-2.0,kubernetes,4
2022-01-13,rust,apache-2.0,python,4
2022-01-13,rust,apache-2.0,sql,4
2022-01-13,rust,apache-2.0,virtual-machine,4
2022-01-13,rust,apache-2.0,compiler,3
2022-01-13,rust,apache-2.0,hyperledger,3
2022-01-13,rust,apache-2.0,proxy,3
2022-01-13,rust,apache-2.0,rust-library,3
2022-01-13,rust,apache-2.0,security,3
2022-01-13,rust,apache-2.0,substrate,3
2022-01-13,rust,apache-2.0,typescript,3
2022-01-13,rust,apache-2.0,client,2
2022-01-13,rust,apache-2.0,cloud-native,2
2022-01-13,rust,apache-2.0,clustering,2
2022-01-13,rust,apache-2.0,database,2
2022-01-13,rust,apache-2.0,docker,2
2022-01-13,rust,apache-2.0,embedded,2
2022-01-13,rust,apache-2.0,http,2
2022-01-13,rust,apache-2.0,hyperledger-indy,2
2022-01-13,rust,apache-2.0,ibc,2
2022-01-13,rust,apache-2.0,interpreter,2
2022-01-13,rust,apache-2.0,iot,2
2022-01-13,rust,apache-2.0,language,2
2022-01-13,rust,apache-2.0,natural-language-processing,2
2022-01-13,rust,apache-2.0,network,2
2022-01-13,rust,apache-2.0,nlp,2
2022-01-13,rust,apache-2.0,octo-correct-managed,2
2022-01-13,rust,apache-2.0,olap,2
2022-01-13,rust,apache-2.0,parser,2
2022-01-13,rust,apache-2.0,polkadot,2
2022-01-13,rust,apache-2.0,programming-language,2
2022-01-13,rust,apache-2.0,prometheus,2
2022-01-13,rust,apache-2.0,protocol,2
2022-01-13,rust,apache-2.0,runtime,2
2022-01-13,rust,apache-2.0,rust-crate,2
2022-01-13,rust,apache-2.0,serverless,2
2022-01-13,rust,apache-2.0,shell,2
2022-01-13,rust,apache-2.0,solana,2
2022-01-13,rust,apache-2.0,tendermint,2
2022-01-13,rust,apache-2.0,testing,2
2022-01-13,rust,apache-2.0,trust-over-ip,2
2022-01-13,rust,apache-2.0,tunnel,2
2022-01-13,rust,apache-2.0,verifiable-credentials,2
2022-01-13,rust,apache-2.0,verifiable-organizations-network,2
2022-01-13,rust,apache-2.0,von,2
2022-01-13,rust,bsd-2-clause,rust,2
2022-01-13,rust,bsd-3-clause,rust,3
2022-01-13,rust,cc0-1.0,hacktoberfest,3
2022-01-13,rust,cc0-1.0,rust,2
2022-01-13,rust,gpl-3.0,rust,23
2022-01-13,rust,gpl-3.0,hacktoberfest,6
2022-01-13,rust,gpl-3.0,blockchain,4
2022-01-13,rust,gpl-3.0,linux,4
2022-01-13,rust,gpl-3.0,substrate,3
2022-01-13,rust,gpl-3.0,archlinux,2
2022-01-13,rust,gpl-3.0,docker,2
2022-01-13,rust,gpl-3.0,game,2
2022-01-13,rust,gpl-3.0,image-processing,2
2022-01-13,rust,gpl-3.0,kubernetes,2
2022-01-13,rust,gpl-3.0,nodejs,2
2022-01-13,rust,gpl-3.0,polkadot,2
2022-01-13,rust,gpl-3.0,security,2
2022-01-13,rust,isc,rust,3
2022-01-13,rust,mit,rust,108
2022-01-13,rust,mit,linux,13
2022-01-13,rust,mit,hacktoberfest,11
2022-01-13,rust,mit,wasm,11
2022-01-13,rust,mit,rust-lang,9
2022-01-13,rust,mit,webassembly,9
2022-01-13,rust,mit,cli,8
2022-01-13,rust,mit,javascript,7
2022-01-13,rust,mit,macos,7
2022-01-13,rust,mit,windows,7
2022-01-13,rust,mit,terminal,6
2022-01-13,rust,mit,tui,6
2022-01-13,rust,mit,database,5
2022-01-13,rust,mit,compiler,4
2022-01-13,rust,mit,music,4
2022-01-13,rust,mit,postgresql,4
2022-01-13,rust,mit,rust-crate,4
2022-01-13,rust,mit,typescript,4
2022-01-13,rust,mit,async,3
2022-01-13,rust,mit,audio,3
2022-01-13,rust,mit,command-line-tool,3
2022-01-13,rust,mit,deno,3
2022-01-13,rust,mit,engine,3
2022-01-13,rust,mit,formatter,3
2022-01-13,rust,mit,git,3
2022-01-13,rust,mit,interpreter,3
2022-01-13,rust,mit,json,3
2022-01-13,rust,mit,midi,3
2022-01-13,rust,mit,nodejs,3
2022-01-13,rust,mit,python,3
2022-01-13,rust,mit,rustlang,3
2022-01-13,rust,mit,wasi,3
2022-01-13,rust,mit,wayland,3
2022-01-13,rust,mit,2d,2
2022-01-13,rust,mit,actix,2
2022-01-13,rust,mit,actix-web,2
2022-01-13,rust,mit,api,2
2022-01-13,rust,mit,aws-s3,2
2022-01-13,rust,mit,blockchain,2
2022-01-13,rust,mit,chip-8,2
2022-01-13,rust,mit,command-line,2
2022-01-13,rust,mit,cpu,2
2022-01-13,rust,mit,cryptography,2
2022-01-13,rust,mit,dashboard,2
2022-01-13,rust,mit,decoder,2
2022-01-13,rust,mit,diff,2
2022-01-13,rust,mit,discord,2
2022-01-13,rust,mit,disk,2
2022-01-13,rust,mit,docker,2
2022-01-13,rust,mit,dom,2
2022-01-13,rust,mit,elm,2
2022-01-13,rust,mit,emulator,2
2022-01-13,rust,mit,fast,2
2022-01-13,rust,mit,filetype,2
2022-01-13,rust,mit,graphql,2
2022-01-13,rust,mit,gui,2
2022-01-13,rust,mit,html,2
2022-01-13,rust,mit,kubernetes,2
2022-01-13,rust,mit,language,2
2022-01-13,rust,mit,library,2
2022-01-13,rust,mit,linter,2
2022-01-13,rust,mit,mime,2
2022-01-13,rust,mit,modules,2
2022-01-13,rust,mit,mp4,2
2022-01-13,rust,mit,mpeg,2
2022-01-13,rust,mit,native,2
2022-01-13,rust,mit,network,2
2022-01-13,rust,mit,no-std,2
2022-01-13,rust,mit,parser,2
2022-01-13,rust,mit,parsing,2
2022-01-13,rust,mit,pdf,2
2022-01-13,rust,mit,programming-language,2
2022-01-13,rust,mit,rust-game,2
2022-01-13,rust,mit,rust-library,2
2022-01-13,rust,mit,s3,2
2022-01-13,rust,mit,search-engine,2
2022-01-13,rust,mit,server,2
2022-01-13,rust,mit,sql,2
2022-01-13,rust,mit,ssr,2
2022-01-13,rust,mit,svg,2
2022-01-13,rust,mit,synthesizer,2
2022-01-13,rust,mit,template-engine,2
2022-01-13,rust,mit,tokio,2
2022-01-13,rust,mit,unix,2
2022-01-13,rust,mit,utility,2
2022-01-13,rust,mit,virtual-machines,2
2022-01-13,rust,mit,web,2
2022-01-13,rust,mit,wrapper,2
2022-01-13,rust,mpl-2.0,rust,9
2022-01-13,rust,mpl-2.0,rust-lang,2
2022-01-13,rust,other,rust,93
2022-01-13,rust,other,hacktoberfest,12
2022-01-13,rust,other,blockchain,8
2022-01-13,rust,other,async,6
2022-01-13,rust,other,rust-lang,6
2022-01-13,rust,other,bevy,5
2022-01-13,rust,other,cli,5
2022-01-13,rust,other,database,5
2022-01-13,rust,other,embedded,5
2022-01-13,rust,other,rust-crate,5
2022-01-13,rust,other,rust-library,5
2022-01-13,rust,other,ethereum,4
2022-01-13,rust,other,game-development,4
2022-01-13,rust,other,parser,4
2022-01-13,rust,other,python,4
2022-01-13,rust,other,wasm,4
2022-01-13,rust,other,web,4
2022-01-13,rust,other,arm,3
2022-01-13,rust,other,cryptography,3
2022-01-13,rust,other,distributed-systems,3
2022-01-13,rust,other,ebpf,3
2022-01-13,rust,other,graph,3
2022-01-13,rust,other,http,3
2022-01-13,rust,other,http-server,3
2022-01-13,rust,other,mysql,3
2022-01-13,rust,other,postgresql,3
2022-01-13,rust,other,protocol,3
2022-01-13,rust,other,sql,3
2022-01-13,rust,other,sqlite,3
2022-01-13,rust,other,bevy-plugin,2
2022-01-13,rust,other,bpf,2
2022-01-13,rust,other,build-tool,2
2022-01-13,rust,other,cargo,2
2022-01-13,rust,other,command-line,2
2022-01-13,rust,other,compression,2
2022-01-13,rust,other,concurrency,2
2022-01-13,rust,other,developer-tools,2
2022-01-13,rust,other,distributed-computing,2
2022-01-13,rust,other,email,2
2022-01-13,rust,other,embedded-hal,2
2022-01-13,rust,other,esp32,2
2022-01-13,rust,other,framework,2
2022-01-13,rust,other,fuzzing,2
2022-01-13,rust,other,game,2
2022-01-13,rust,other,go,2
2022-01-13,rust,other,gui,2
2022-01-13,rust,other,internationalization,2
2022-01-13,rust,other,ios,2
2022-01-13,rust,other,javascript,2
2022-01-13,rust,other,kafka,2
2022-01-13,rust,other,kubernetes,2
2022-01-13,rust,other,language,2
2022-01-13,rust,other,library,2
2022-01-13,rust,other,linux,2
2022-01-13,rust,other,machine-learning,2
2022-01-13,rust,other,macos,2
2022-01-13,rust,other,networking,2
2022-01-13,rust,other,operator,2
2022-01-13,rust,other,plugin,2
2022-01-13,rust,other,pyo3,2
2022-01-13,rust,other,query-builder,2
2022-01-13,rust,other,react,2
2022-01-13,rust,other,storage,2
2022-01-13,rust,other,terminal,2
2022-01-13,rust,other,vulkan,2
2022-01-13,rust,other,windows,2
2022-01-13,rust,other,x86,2
